"Reference","Qty","Value","DNP","Exclude from BOM","Exclude from Board","Exclude from Simulation","Exclude from Position Files","Footprint","Datasheet"
"D1","1","LED_ARGB","","","","","${EXCLUDE_FROM_POS_FILES}","LED_THT:LED_D5.0mm-4_RGB_Wide_Pins",""
"J1","1","Conn_01x02_Pin","","","","","${EXCLUDE_FROM_POS_FILES}","Connector_JST:JST_EH_B2B-EH-A_1x02_P2.50mm_Vertical",""
"JO3,JO4","2","Joystick Module","","","","","${EXCLUDE_FROM_POS_FILES}","joystick module:Module joystick",""
"R1,R2","2","100k","","","","","${EXCLUDE_FROM_POS_FILES}","Resistor_THT:R_Axial_DIN0204_L3.6mm_D1.6mm_P1.90mm_Vertical",""
"R3,R4,R5,R6,R7,R8,R9","7","10k","","","","","${EXCLUDE_FROM_POS_FILES}","Resistor_THT:R_Axial_DIN0204_L3.6mm_D1.6mm_P1.90mm_Vertical",""
"SW2","1","sw_pickup","","","","","${EXCLUDE_FROM_POS_FILES}","Button_Switch_THT:SW_PUSH_6mm",""
"SW3","1","sw_speed_down","","","","","${EXCLUDE_FROM_POS_FILES}","Button_Switch_THT:SW_PUSH_6mm",""
"SW4","1","sw_mode_sensor","","","","","${EXCLUDE_FROM_POS_FILES}","Button_Switch_THT:SW_PUSH_6mm",""
"SW5","1","switch","","","","","${EXCLUDE_FROM_POS_FILES}","Button_Switch_THT:SW_DIP_SPSTx01_Slide_6.7x4.1mm_W7.62mm_P2.54mm_LowProfile",""
"sw_drop1,sw_mode_joy1,sw_speed_up1","3","SW_Push","","","","","${EXCLUDE_FROM_POS_FILES}","Button_Switch_THT:SW_PUSH_6mm",""
"TP1","1","","","","","","${EXCLUDE_FROM_POS_FILES}","TP4056_MICRO-USB_CHARGER_-_1A:MODULE_TP4056_MICRO-USB_CHARGER_-_1A",""
"U1","1","ESP32-DEVKITC-32E","","","","","${EXCLUDE_FROM_POS_FILES}","ESP32-DEVKITC-32E:MODULE_ESP32-DEVKITC-32E",""
"U2","1","GY-521","","","","","${EXCLUDE_FROM_POS_FILES}","GY-521:MODULE_GY-521",""
